{"index":7,"name":"Small copy","category":"Text styles","textStyle":{"fontSize":14,"lineHeight":24,"fontPostscriptName":"Averta-Regular","color":{"r":0.4352941176470588,"b":0.5686274509803921,"g":0.5254901960784314,"a":1}}}