{"color":{"r":0.2156862745098039,"b":0.4941176470588236,"g":0.3176470588235295,"a":1},"secondaryIndex":0,"name":"TWNavyLight","category":"Brand - Colors","index":0}