{"color":{"r":0.9490196078431372,"b":0.9686274509803922,"g":0.9607843137254902,"a":1},"secondaryIndex":3,"name":"TWSmokeFade","category":"Brand - Colors","index":6}