{"color":{"r":0.8090320158060461,"b":0.9435852465986394,"g":0.8921384230602949,"a":1},"name":"TBD!! TW Light Blue Hover","category":"Colors","index":8}