{"index":0,"textStyle":{"fontSize":42,"lineHeight":48,"fontPostscriptName":"Averta-Bold","color":{"r":0.1568627450980392,"b":0.3411764705882353,"g":0.2235294117647058,"a":1}},"name":"H1","category":"Text styles"}