{"color":{"r":0.1568627450980392,"b":0.384313725490196,"g":0.7215686274509804,"a":1},"secondaryIndex":1,"name":"TWGreenMid","category":"Brand - Colors","index":3}