{"color":{"r":0.8117647058823529,"b":0.192156862745098,"g":0.192156862745098,"a":1},"secondaryIndex":1,"name":"TWRedMid","category":"Brand - Colors","index":4}