{"color":{"r":0.9607843137254902,"b":0.2117647058823529,"g":0.2117647058823529,"a":1},"secondaryIndex":0,"name":"TWRedLight","category":"Brand - Colors","index":4}