{"color":{"r":0.1647058823529412,"b":0.4274509803921568,"g":0.2470588235294119,"a":1},"secondaryIndex":2,"name":"FacebookBlueDark","category":"Brand - Colors","index":8}