{"color":{"r":0.8745098039215686,"b":0,"g":0.5294117647058824,"a":1},"secondaryIndex":1,"name":"TWOrangeMid","category":"Brand - Colors","index":5}