{"color":{"r":0.8387035117447191,"b":0.8847804155037148,"g":0.9615752551020408,"a":1},"secondaryIndex":null,"name":"Notification Green","category":"Colors","index":27}