{"index":5,"name":"H6","category":"Text styles","textStyle":{"fontSize":14,"lineHeight":24,"fontPostscriptName":"Averta-Semibold","color":{"r":0.5098039215686274,"b":0.6627450980392157,"g":0.611764705882353,"a":1}}}