{"color":{"r":1,"b":0.8731257891414141,"g":0.8731257891414141,"a":1},"name":"Notification Red","category":"Colors","index":30}