{"color":{"r":0.8588235294117647,"b":0.9921568627450981,"g":0.9411764705882353,"a":1},"name":"TW Light Blue (UI\/Marketing)","category":"Colors","index":7}