{"index":17,"textStyle":{"fontSize":28,"lineHeight":32,"fontPostscriptName":"Averta-Bold","color":{"r":0.2156862745098039,"b":0.4941176470588236,"g":0.3176470588235295,"a":1}},"category":"Text styles","name":"Compare the cost for"}