{"color":{"r":1,"b":0.8649976325757576,"g":0.9532684112762239,"a":1},"secondaryIndex":null,"name":"Notification Orange","category":"Colors","index":26}