{"color":{"r":0.5098039215686274,"b":0.6627450980392157,"g":0.611764705882353,"a":1},"secondaryIndex":0,"name":"TWGreyLight","category":"Brand - Colors","index":1}