{"index":15,"textStyle":{"fontSize":56,"lineHeight":48,"fontPostscriptName":"Averta-Bold","color":{"r":0.1450980392156863,"b":0.3333333333333333,"g":0.2117647058823529,"a":1}},"category":"Text styles","name":"Display – Bold"}