{"color":{"r":0.8862745098039215,"b":0.9098039215686274,"g":0.9019607843137255,"a":1},"name":"Keyline grey","category":"Colors","index":24}