{"color":{"r":0.8745098039215686,"b":0,"g":0.5294117647058824,"a":1},"name":"Warning Hover","category":"Colors","index":14}