{"color":{"r":0,"b":0.5568627450980392,"g":0.3490196078431369,"a":1},"secondaryIndex":2,"name":"PaypalBlueDark","category":"Brand - Colors","index":10}