{"index":13,"textStyle":{"fontSize":14,"lineHeight":24,"fontPostscriptName":"Averta-Regular","color":{"r":0.1450980392156863,"b":0.3333333333333333,"g":0.2117647058823529,"a":1}},"category":"Text styles","name":"Table header"}