{"color":{"r":0.7325326844457006,"b":0.8989158163265306,"g":0.8352987364897427,"a":1},"name":"TBD!! TW Light Blue Down","category":"Colors","index":9}