{"color":{"r":0,"b":0.6509803921568628,"g":0.3686274509803921,"a":1},"secondaryIndex":0,"name":"PaypalBlueMid","category":"Brand - Colors","index":10}