{"color":{"r":0.9607843137254902,"b":0.9647058823529412,"g":0.9647058823529412,"a":1},"secondaryIndex":0,"name":"GoogleGreyLight","category":"Brand - Colors","index":9}