{"color":{"r":0.1803921568627451,"b":0.4117647058823529,"g":0.2627450980392156,"a":1},"secondaryIndex":1,"name":"TWNavyMid","category":"Brand - Colors","index":0}