{"color":{"r":0.7529411764705882,"b":0,"g":0.4588235294117647,"a":1},"secondaryIndex":2,"name":"TWOrangeDark","category":"Brand - Colors","index":5}