{"color":{"r":0.5098039215686274,"b":0.6627450980392157,"g":0.611764705882353,"a":1},"name":"DON’T KNOW","category":"Colors","index":21}