{"color":{"r":0.4352941176470588,"b":0.5686274509803921,"g":0.5254901960784314,"a":1},"name":"Body Copy Hover Outline","category":"Colors","index":20}