{"color":{"r":0,"b":0.7294117647058823,"g":0.4392156862745097,"a":1},"secondaryIndex":1,"name":"PaypalBlueLight","category":"Brand - Colors","index":10}