{"index":9,"name":":AFTER","textStyle":{"fontSize":12,"lineHeight":24,"fontPostscriptName":"Averta-Bold","color":{"r":0.5843137254901961,"b":0.5843137254901961,"g":0.5843137254901961,"a":1}},"category":"Text styles"}