{"color":{"r":0.8472500074149767,"b":0.9793261054421769,"g":0.9437671559733153,"a":1},"secondaryIndex":3,"name":"TWBlueFade","category":"Brand - Colors","index":2}