{"color":{"r":0.9176470588235294,"b":0.9294117647058824,"g":0.9215686274509803,"a":1},"name":"DON’T KNOW","category":"Colors","index":25}