{"color":{"r":0.9490196078431372,"b":0.9686274509803922,"g":0.9607843137254902,"a":1},"secondaryIndex":null,"name":"Background grey","category":"Colors","index":29}