{"color":{"r":0.1137254901960784,"b":0.2784313725490196,"g":0.5215686274509804,"a":1},"secondaryIndex":2,"name":"TWGreenDark","category":"Brand - Colors","index":3}