{"color":{"r":0.2313725490196079,"b":0.596078431372549,"g":0.3490196078431372,"a":1},"secondaryIndex":0,"name":"FacebookBlueLight","category":"Brand - Colors","index":8}