{"color":{"r":0.3647058823529412,"b":0.4745098039215686,"g":0.4392156862745098,"a":1},"name":"Body Copy","category":"Colors","index":19}