{"color":{"r":0.1803921568627451,"b":0.4313725490196078,"g":0.8156862745098039,"a":1},"name":"TW Pay Green (UI\/Marketing)","category":"Colors","index":10}