{"color":{"r":0.2156862745098039,"b":0.4941176470588236,"g":0.3176470588235295,"a":1},"name":"TW Navy (UI\/Marketing)","category":"Colors","index":4}