{"color":{"r":0.9254901960784314,"b":0.9254901960784314,"g":0.9254901960784314,"a":1},"secondaryIndex":2,"name":"GoogleGreyMid","category":"Brand - Colors","index":9}