{"color":{"r":0,"b":0.7529411764705882,"g":0.556862745098039,"a":1},"secondaryIndex":2,"name":"TWBlueDark","category":"Brand - Colors","index":2}