{"color":{"r":0.8274509803921568,"b":0.8470588235294118,"g":0.8352941176470589,"a":1},"name":"Disabled copy in field button","category":"Colors","index":23}