{"color":{"r":0.8862745098039215,"b":0.9098039215686274,"g":0.9019607843137255,"a":1},"secondaryIndex":0,"name":"TWSmokeLight","category":"Brand - Colors","index":6}