{"color":{"r":1,"b":0.8649976325757576,"g":0.9532684112762239,"a":1},"secondaryIndex":3,"name":"TWOrangeFade","category":"Brand - Colors","index":5}