{"color":{"r":0.8472500074149767,"b":0.9793261054421769,"g":0.9437671559733153,"a":1},"name":"Notification Blue","category":"Colors","index":28}