{"color":{"r":0.7137254901960784,"b":0.09411764705882351,"g":0.1647058823529411,"a":1},"name":"Warning Down","category":"Colors","index":18}