{"color":{"r":0.1450980392156863,"b":0.3333333333333333,"g":0.211764705882353,"a":1},"secondaryIndex":2,"name":"TWNavyDark","category":"Brand - Colors","index":0}