{"color":{"r":0.7529411764705882,"b":0,"g":0.4588235294117647,"a":1},"name":"Warning Down","category":"Colors","index":15}