{"index":3,"secondaryIndex":0,"textStyle":{"fontSize":18,"lineHeight":24,"fontPostscriptName":"Averta-Semibold","color":{"r":0.1568627450980392,"b":0.3411764705882353,"g":0.2235294117647058,"a":1}},"name":"H4","category":"Text styles"}