{"color":{"r":0.8387035117447191,"b":0.8847804155037148,"g":0.9615752551020408,"a":1},"secondaryIndex":3,"name":"TWGreenFade","category":"Brand - Colors","index":3}