{"color":{"r":0,"b":0.7529411764705882,"g":0.556862745098039,"a":1},"name":"TW Blue Down","category":"Colors","index":3}