{"color":{"r":1,"b":0.8731257891414141,"g":0.8731257891414141,"a":1},"secondaryIndex":3,"name":"TWRedFade","category":"Brand - Colors","index":4}