{"color":{"r":0.6588235294117647,"b":0.6745098039215687,"g":0.6666666666666666,"a":1},"name":"Disabled colour","category":"Colors","index":22}