{"color":{"r":0.196078431372549,"b":0.5098039215686274,"g":0.2980392156862746,"a":1},"secondaryIndex":1,"name":"FacebookBlueMid","category":"Brand - Colors","index":8}