{"index":1,"secondaryIndex":0,"textStyle":{"fontSize":28,"lineHeight":32,"fontPostscriptName":"Averta-Bold","color":{"r":0.1607843137254902,"b":0.3372549019607843,"g":0.2274509803921568,"a":1}},"category":"Text styles","name":"H2"}