{"color":{"r":0,"b":0.8745098039215686,"g":0.6431372549019611,"a":1},"secondaryIndex":1,"name":"TWBlueMid","category":"Brand - Colors","index":2}